{"_wandb":{"runtime":4},"_runtime":1.7968049000000001,"_step":0,"trainable_parameters":210226,"_timestamp":1.7476697941183178e+09}