{"_step":0,"_wandb":{"runtime":6},"trainable_parameters":392242,"_timestamp":1.747679065022418e+09,"_runtime":2.2727298}