{"optimizer_type":"adam","_wandb":{"runtime":116},"_runtime":2.178993,"_step":1,"trainable_parameters":1866290,"_timestamp":1.7477568823445349e+09}