{"optimizer_type":"adam","_wandb":{"runtime":223},"_runtime":1.3998669000000001,"_step":1,"trainable_parameters":41650,"_timestamp":1.747752057060956e+09}