{"_wandb":{"runtime":5},"trainable_parameters":203476,"_timestamp":1.7476697321589084e+09,"_runtime":2.0225671,"_step":0}