{"_runtime":1.7397635999999999,"_step":1,"trainable_parameters":118322,"optimizer_type":"adam","_wandb":{"runtime":121},"_timestamp":1.7477570057583375e+09}