{"_runtime":2.003043,"_wandb":{"runtime":2},"_step":0,"trainable_parameters":507954,"_timestamp":1.747679075865988e+09}