{"_wandb":{"runtime":5},"_timestamp":1.7476711798761773e+09,"epoch_time_min":0,"train_loss":1.8744208812713623,"test_accuracy":0,"epoch":14,"trainable_parameters":666836,"valid_loss":4.677899360656738,"epoch_time_sec":0,"_step":16,"_runtime":5.6927517,"valid_accuracy":0,"test_loss":2.9927542209625244}