{"epoch_time_min":4,"valid_loss":0.10804171004781017,"_step":12,"learning_rate":0.00735,"epoch":9,"_timestamp":1.747767598546915e+09,"valid_accuracy":0.5987988867731068,"epoch_time_sec":16,"_runtime":2197.1879211,"trainable_parameters":2139826,"test_loss":0.11615586832717613,"train_loss":0.052806509756544294,"test_accuracy":0.5815850815850816,"_wandb":{"runtime":2212},"optimizer_type":"adam"}