{"_runtime":4655.453875,"_timestamp":1.7477289477992637e+09,"epoch":19,"_wandb":{"runtime":4655},"test_loss":0.1696888884805419,"epoch_time_sec":39,"trainable_parameters":210226,"_step":22,"valid_accuracy":0.4195107660758752,"epoch_time_min":3,"test_accuracy":0.40355477855477856,"learning_rate":0.001,"valid_loss":0.16203615410584155,"train_loss":0.08640305128989927,"optimizer_type":"adam"}