{"test_loss":0.11514372776986824,"_timestamp":1.7477321587349737e+09,"train_loss":0.04925104284809298,"_wandb":{"runtime":8261},"_runtime":8260.8197563,"epoch_time_min":5,"valid_accuracy":0.5637908305258532,"epoch":19,"trainable_parameters":318386,"epoch_time_sec":42,"valid_loss":0.11138477597698987,"optimizer_type":"adam","test_accuracy":0.5514277389277389,"_step":22,"learning_rate":0.001}