{"_wandb":{"runtime":1680},"train_loss":0.37652334976263385,"epoch_time_min":4,"epoch_time_sec":18,"_runtime":1680.6572084,"epoch":4,"learning_rate":0.001,"valid_accuracy":0.0014647722279185586,"test_loss":0.41621274363111566,"_timestamp":1.7477681609925125e+09,"trainable_parameters":2918962,"test_accuracy":0.0005827505827505828,"optimizer_type":"adam","valid_loss":0.41188328873331304,"_step":7}