{"_runtime":1.5485484,"_step":0,"trainable_parameters":210226,"_wandb":{"runtime":23},"_timestamp":1.7476765516635904e+09}