{"train_loss":0.18646605595191468,"optimizer_type":"adam","epoch_time_min":2,"valid_accuracy":0.14384063278160247,"epoch":19,"test_loss":0.32329724232355755,"trainable_parameters":187826,"_wandb":{"runtime":3436},"valid_loss":0.30767151133881676,"_step":22,"learning_rate":0.007985198325782037,"_timestamp":1.7477278001368403e+09,"epoch_time_sec":33,"test_accuracy":0.12878787878787878,"_runtime":3436.0920614}