{"valid_accuracy":0.3828914603779112,"_timestamp":1.7476808931190233e+09,"train_loss":0.7627967129169665,"valid_loss":1.3477567601426739,"test_accuracy":0.3534382284382284,"_step":21,"epoch":19,"_runtime":3429.4043913,"epoch_time_min":3,"test_loss":1.3909511632389493,"_wandb":{"runtime":3429},"epoch_time_sec":20,"trainable_parameters":210226}